"#RussianHacking","688"
"the","551"
"#russianhacking","525"
"to","368"
"#russiagate","341"
"RepSwalwell","316"
"is","283"
"The","279"
"a","239"
"#Trumprussia","233"
"avanconia","227"
"not","222"
"for","208"
"on","196"
"out","184"
"of","180"
"was","179"
"realDonaldTrump","169"
"right","168"
"I","159"
"in","157"
"message","157"
"Watch","156"
"All","156"
"read","156"
"Theres","154"
"something","154"
"reason","153"
"hereChilling","153"
"#TheResistance","152"
"America","146"
"#TrumpLeaks","144"
"A","139"
"must","127"
"#TrumpRussia","125"
"amp","125"
"#VoteThemOut","123"
"Trump","122"
"#FireThemAll","121"
"and","120"
"#HandsOffOurNet","117"
"have","116"
"you","113"
"Russian","113"
"all","108"
"We","107"
"its","99"
"ALL","99"
"PROOF","98"
"intel","96"
"LIE","94"
"IS","92"
"THE","91"
"NOW","90"
"RETWEET","89"
"BREAK","89"
"COVER","89"
"HERESHARE","89"
"UPDATEDVINDICATION#RussianHacking","89"
"UP","89"
"#trumprussia","88"
"that","82"
"say","82"
"need","82"
"LouiseMensch","81"
"election","78"
"Russia","78"
"#resist","78"
"HAGOODMANAUTHOR","77"
"this","77"
"DaShanneStokes","75"
"pushing","75"
"our","75"
"because","75"
"fake","74"
"media","74"
"story","74"
"cc","74"
"news","73"
"IT","73"
"at","73"
"pay","73"
"Ecuador","72"
"attack","72"
"mikepence","72"
"agencies","72"
"HAPPENED","71"
"#SnowdenOp","71"
"RepMcGovern","71"
"#trumpleaks","70"
"arrested","69"
"with","64"
"#TrumpRussiaCollusion","62"
"been","60"
"#","60"
"hacking","58"
"#MAGA","58"
"doesnt","58"
"#RussiaGate","57"
"Spain","57"
"Clinton","56"
"about","56"
"vistachick","54"
"chose","52"
"lead","52"
"same","51"
"up","51"
"are","50"
"who","50"
"NO","48"
"WhiteHouse","47"
"Election","46"
"#TrumpR","46"
"if","45"
"man","45"
"cannot","45"
"happened","45"
"Some","45"
"helped","45"
"over","44"
"things","44"
"interference","44"
"outside","44"
"Translation","44"
"be","44"
"helping","44"
"democracy","44"
"respect","44"
"Americans","44"
"it","43"
"Davidjustice","43"
"US","43"
"hackinghttpstcoXkwDyHtNE#Russianhacking","42"
"mass","42"
"changes","40"
"only","39"
"during","39"
"And","39"
"attacked","38"
"just","38"
"POTUS","38"
"#Russia","38"
"when","37"
"think","37"
"via","37"
"EVIDENCE","37"
"my","36"
"Schiff","36"
"saw","35"
"until","34"
"Hacking","34"
"give","34"
"investigation","34"
"policy","33"
"turn","33"
"#NoRussiaRewards","33"
"favorable","33"
"would","32"
"how","32"
"Its","32"
"#theresistance","32"
"as","32"
"#Treason","30"
"war","30"
"so","30"
"many","30"
"by","30"
"warned","30"
"Committee","29"
"#NotMyPresident","29"
"This","29"
"#TrumpLies","28"
"Levashov","28"
"GOP","28"
"your","28"
"#TrumpTreason","28"
"#Russiagate","28"
"tables","28"
"nobody","28"
"R","28"
"listened","28"
"beat","28"
"independent","27"
"ItIzBiz","27"
"evidence","27"
"Democrats","27"
"truth","27"
"jasoninthehouse","27"
"jacksnowknows","26"
"do","26"
"ThePeoplesCube","26"
"current","26"
"F","26"
"#TRUMP","26"
"Wake","26"
"TrumpsTroll","26"
"more","26"
"always","26"
"since","26"
"Motherland","26"
"Ill","26"
"MissyTrump","25"
"little","25"
"dont","25"
"rubenkmajor","25"
"Adam","25"
"funder","24"
"Our","24"
"House","24"
"#aprilfoolsday","24"
"point","24"
"Dem","24"
"#StolenElection","23"
"slow","23"
"It","23"
"#RexTillerson","23"
"#UraniumOne","23"
"#mobties","23"
"USRussia","22"
"uptake","22"
"carrieksada","22"
"relations","22"
"#PutinsPuppet","22"
"Intell","22"
"DNC","22"
"#SpecialProsecutor","22"
"get","22"
"#Traitor","22"
"#IllegitimatePOTUS","22"
"low","22"
"#Tucker","22"
"Cernovich","22"
"but","22"
"they","21"
"#NavySealOwens","21"
"suspect","21"
"#JusticeforRyanOwens","21"
"#Yemen","21"
"So","21"
"won","21"
"Thats","21"
"AND","21"
"#NavySEAL#RussianHacking#TheResistance","21"
"why","21"
"here","20"
"FBI","20"
"an","20"
"manipulation","20"
"#Democrats","20"
"relevant","20"
"now","20"
"ChrisCuomo","19"
"#Retweet","19"
"data","19"
"care","19"
"#HOAX","19"
"FAIR","19"
"Im","19"
"SQUARE","19"
"#WednesdayWisdom","19"
"into","19"
"#DemocRAT","19"
"Tucker","19"
"guys","19"
"legit","19"
"CIA","19"
"voted","18"
"TrumpDefense","18"
"#ObamaGate","18"
"has","18"
"citizens","18"
"gathers","18"
"pur","18"
"Issues","18"
"flags","18"
"#ClintonCash","18"
"johnPodesta","18"
"too","17"
"people","17"
"#cybersecurity","17"
"week","17"
"#Russianhacking","17"
"last","17"
"unmasking","17"
"#Trump","17"
"Lie","16"
"deflection","16"
"claim","16"
"RepAdamSchiff","16"
"unmask","16"
"buying","16"
"Same","16"
"MaryPatriotNews","16"
"ReneeArnett","16"
"like","16"
"N","15"
"love","15"
"interview","15"
"accused","15"
"we","15"
"Republicans","14"
"WERE","14"
"can","14"
"#Whitehouse","14"
"#ImFuriousBecause","14"
"lie","14"
"find","14"
"also","14"
"#RussianAgents","14"
"from","14"
"#SusanRice","14"
"#Election","13"
"them","13"
"TuckerCarlson","13"
"President","13"
"#TrumpTaxes","13"
"seanhannity","13"
"Why","13"
"place","13"
"TheWeekUK","13"
"If","13"
"might","13"
"please","13"
"dogonvillage","13"
"dysfunctiona","13"
"perusal","13"
"FoxNews","13"
"#DNC","13"
"#russianhacker","13"
"#wikileaks","13"
"FIRETHEFOOL","13"
"Dems","13"
"DonaldJTrumpJr","12"
"against","12"
"commission","12"
"legislation","12"
"liberal","12"
"may","12"
"wikileaks","12"
"Breaking","12"
"ACTUAL","12"
"#SundayMorning","12"
"butt","12"
"or","12"
"factsIf","12"
"what","12"
"buttCheck","12"
"w","12"
"wrote","12"
"credible","12"
"#SberBank","12"
"#PodestaGroup","12"
"Annod","12"
"WOW","12"
"RepCummings","12"
"calling","12"
"convince","12"
"new","11"
"call","11"
"deplorableMe","11"
"realDonaldTrumps","11"
"exposed","11"
"fraud","11"
"liar","11"
"Su","11"
"foxandfriends","11"
"vidalexperience","11"
"line","11"
"HillaryClinton","11"
"Dishonest","11"
"Carlson","11"
"#Podesta","11"
"obstruction","10"
"me","10"
"lay","10"
"make","10"
"They","10"
"fight","10"
"no","10"
"Just","10"
"When","10"
"where","10"
"see","10"
"suzost","10"
"us","10"
"ZULU","10"
"#TrumpRussiaCoverUp","10"
"campaign","9"
"want","9"
"father","9"
"talk","9"
"internet","9"
"real","9"
"#propagandaJohn","9"
"McAffee","9"
"#CrookedHillary","9"
"You","9"
"needs","9"
"Foreign","9"
"really","9"
"nothing","9"
"his","9"
"keep","9"
"HERE","9"
"Senate","9"
"REPFUNDER","9"
"every","8"
"#indivisible","8"
"pursue","8"
"wrong","8"
"fall","8"
"then","8"
"LONGER","8"
"LIES","8"
"PUSHING","8"
"#LGBT","8"
"#LGBTQ","8"
"rabidbullfrog","8"
"NARRATIVE","8"
"allegedly","8"
"#Nunes","8"
"Is","8"
"alleged","8"
"TECH","8"
"FIRM","8"
"#Spam","8"
"American","8"
"#TrumpLeaks#resist","8"
"What","8"
"implicated","8"
"Weasle","8"
"Funder","8"
"amETamPT","8"
"LoriPatriot","8"
"MarshallFSmith","8"
"proof","8"
"#Trumprus","8"
"SAME","8"
"purported","8"
"kingpin","8"
"fighting","8"
"DunsfordCascade","8"
"Hillary","8"
"LeahR","8"
"told","7"
"NOT","7"
"weeks","7"
"VP","7"
"Russians","7"
"spread","7"
"dead","7"
"lies","7"
"#Syria","7"
"situation","7"
"Breitbart","7"
"Intel","7"
"SO","7"
"help","7"
"done","7"
"TheDemocrats","7"
"Yes","7"
"narrative","7"
"go","7"
"Not","7"
"involved","7"
"RubyCodpiece","7"
"IndyK","7"
"CrowdStrike","7"
"#DirtyRice","7"
"home","7"
"made","7"
"#RussiaInvestigation","6"
"succession","6"
"#MakingAmericaGreat","6"
"never","6"
"join","6"
"TheTrumpLady","6"
"wknd","6"
"mean","6"
"re","6"
"W","6"
"#DemocRATS","6"
"WeAreMAG","6"
"reports","6"
"left","6"
"yes","6"
"bottom","6"
"down","6"
"time","6"
"falling","6"
"#SethRich","6"
"conman","6"
"AppSame","6"
"show","6"
"Overthrow","6"
"going","6"
"elected","6"
"Guccifer","6"
"#LiftSanctions","6"
"provides","6"
"Obama","6"
"#ImpeachTrump","6"
"LauraJean","6"
"u","6"
"Constitution","6"
"vk","6"
"#TrumpImp","6"
"TheSWPrincess","6"
"inventing","6"
"USARedOrchestra","6"
"#Russian","6"
"drunk","6"
"#Kremlingate","6"
"ignorin","6"
"YOU","6"
"led","6"
"didnt","6"
"high","6"
"No","6"
"day","6"
"their","6"
"should","6"
"registration","6"
"leaker","6"
"#ComeyGate","6"
"well","6"
"EjHirschberger","6"
"Mike","6"
"#PinchukUSGov","5"
"djbratpack","5"
"got","5"
"MarciaHilber","5"
"TRENDING","5"
"cooperating","5"
"another","5"
"tool","5"
"responsible","5"
"Illegal","5"
"explain","5"
"stop","5"
"providing","5"
"referendum","5"
"life","5"
"#CorrupTrump","5"
"Thank","5"
"yep","5"
"D","5"
"nytimes","5"
"#collusion","5"
"#StopGorsuch","5"
"Where","5"
"#ACARepeal","5"
"Media","5"
"#CIA","5"
"siege","5"
"quite","5"
"NSAgov","5"
"one","5"
"Probably","5"
"DC","5"
"aside","5"
"RUSSIA","5"
"proves","5"
"legitimately","5"
"thinking","5"
"lets","5"
"#StayWoke","5"
"jturner","5"
"Nunes","5"
"ncwolf","5"
"activities","5"
"public","5"
"site","5"
"edhooley","5"
"late","5"
"todo","5"
"#Brexit","5"
"NowellKern","5"
"believe","5"
"killerbee","5"
"pretty","5"
"NOTHING","5"
"hackers","5"
"funded","5"
"funny","5"
"#trum","5"
"T","5"
"worstpotusevr","5"
"step","5"
"Details","5"
"wave","5"
"Back","5"
"obvious","5"
"EU","5"
"solidarity","5"
"leader","5"
"crashed","5"
"hearings","5"
"VoteTrumpPics","5"
"#fakenews","5"
"mitchellvii","5"
"Yep","5"
"RT#Russianconnection","5"
"know","5"
"he","5"
"U","5"
"spamrelated","4"
"voter","4"
"tweet","4"
"TrickFreee","4"
"MarkRus","4"
"PISS","4"
"Ministry","4"
"honed","4"
"MomWifeGrammy","4"
"thing","4"
"#DontGetFooledAgain","4"
"before","4"
"#WW","4"
"SOME","4"
"STYLE","4"
"HollynotDolly","4"
"Please","4"
"hearing","4"
"#DemocratLiesMatter","4"
"Comey","4"
"paramikidsmoo","4"
"came","4"
"#Levashov","4"
"#dirtyrice","4"
"ConstanceQueen","4"
"C","4"
"SenSanders","4"
"con","4"
"much","4"
"TeaPainUSA","4"
"InfoWars","4"
"MediaRival","4"
"viking","4"
"o","4"
"becoming","4"
"later","4"
"shit","4"
"complicit","4"
"did","4"
"guy","4"
"Brilliant","4"
"working","4"
"trump","4"
"Putin","4"
"Hiding","4"
"Royal","4"
"tomorrow","4"
"CohenTisha","4"
"answering","4"
"RobinBrentwood","4"
"JalyIV","4"
"#trump","4"
"Exhibit","4"
"CBSNews","4"
"comm","4"
"colluding","4"
"case","4"
"charges","4"
"In","4"
"being","4"
"Itemized","4"
"Listen","4"
"dcpoll","4"
"#podestaRussiaMafia","4"
"hes","4"
"hel","4"
"Remember","4"
"using","4"
"How","4"
"Lets","4"
"More","4"
"list","4"
"will","4"
"#TrumpTVshows","4"
"share","4"
"Interesting","4"
"good","4"
"ye","4"
"Criminal","4"
"Team","4"
"AlumniUSC","4"
"VladimirFarage","4"
"Affairs","4"
"KrukMatt","4"
"RepJeffries","4"
"Capitol","4"
"Hill","4"
"#PsychologicalWarfare","4"
"Was","4"
"elections","4"
"#RussianHACKING","4"
"anconl","4"
"Activity","4"
"TerraNulius","4"
"#Crowdstrike","4"
"big","4"
"ON","4"
"senate","4"
"some","4"
"back","4"
"Nothing","4"
"BinsackSb","4"
"bc","4"
"daisies","4"
"ntvnyr","4"
"TO","4"
"Fishing","4"
"AF","4"
"#ObamasLegacy","4"
"Now","4"
"Morell","4"
"elvisinoregon","4"
"waiting","4"
"gathered","4"
"#FatBoy","4"
"#RESIST","4"
"LIKE","4"
"ties","4"
"HarlanPeggy","4"
"LETS","4"
"#ClintonCrimeFamily","4"
"PolToons","4"
"#HillaryGate","4"
"LadyLiberty","4"
"#PodestaGate","4"
"#SusanRiceUnMasked","4"
"machine#russianhacking","4"
"Expedition","4"
"#Russians","4"
"maddow","4"
"progress","4"
"#russia","4"
"Hes","4"
"gets","4"
"YouTube","4"
"HRC","4"
"igobu","4"
"SenRubioPress","4"
"Up","4"
"Pence","4"
"Well","4"
"ind","4"
"#FollowTheFacts","3"
"GemMar","3"
"even","3"
"#AmericanCrime","3"
"GoPTGo","3"
"LdyNJ","3"
"#yrTrump","3"
"century","3"
"Stay","3"
"shame","3"
"era","3"
"EricTrump","3"
"farce","3"
"RussiawithoutBS","3"
"#PresidentSomeone","3"
"Beyond","3"
"#CPDTraitor","3"
"JessikaJayne","3"
"BDSMmmm","3"
"KremlinRussiaE","3"
"arrived","3"
"WHhttpstconjaSKCop","3"
"real#HillaryClinton","3"
"#ImpeachTrump#notmypresident#TrumpRussiaCoverUp#TrumpTaxReturns#PutinsPuppet#TrumpRussiaCollusion","3"
"collusion","3"
"wo","3"
"murders","3"
"rogerrockt","3"
"#ObamaWiretappedTrump","3"
"Of","3"
"leftist","3"
"mollyday","3"
"drip","3"
"THAT","3"
"laptop","3"
"had","3"
"apart","3"
"TRUTH#Trumprussia","3"
"Between","3"
"Facebook","3"
"knew","3"
"Russias","3"
"Evidence","3"
"#pausethepresidency#TheMissionMatters","3"
"Break","3"
"Congratulations","3"
"drgenius","3"
"picture","3"
"Double","3"
"president","3"
"TruthAndReason","3"
"fabricated","3"
"LouDobbs","3"
"hack","3"
"cyber","3"
"Mr","3"
"prove","3"
"StateDep","3"
"Time","3"
"effort","3"
"deserved","3"
"SenSchumer","3"
"awesome","3"
"course","3"
"#sethrich","3"
"White","3"
"#obama","3"
"RogueTeamXmen","3"
"interesting","3"
"h","3"
"#FOXNewsUS","3"
"hacked","3"
"Trumps","3"
"were","3"
"Sean","3"
"#johnPodesta","3"
"#Duginism","3"
"#DitchMitch","3"
"SandraTXAS","3"
"GaetaSusan","3"
"Treason","3"
"wants","3"
"#Unmasker","3"
"promised","3"
"#deepstate","3"
"worry","3"
"Zuckerberg","3"
"#RussianHacki","3"
"gonna","3"
"Mark","3"
"Schwartzesque","3"
"twitmeagainnow","3"
"Redux","3"
"involvement","3"
"start","3"
"#maga","3"
"youhttpstconjaSKCop","3"
"hasnt","3"
"bradcrain","3"
"masscrowdpsych","3"
"Yeah","3"
"ToweringDwarf","3"
"#GRU","3"
"th","3"
"difference","3"
"#BreitbartAct","3"
"#Impeach","3"
"aliliv","3"
"#Iran","3"
"Dobbs","3"
"systems","3"
"DevinNunes","3"
"Sounds","3"
"End","3"
"ask","3"
"thread","3"
"docdhj","3"
"carolecadwalla","3"
"AdamSchiffCA","3"
"USNavy","3"
"SpecialKMB","3"
"emails","3"
"#Cybersecurity","3"
"foreign","3"
"wouldnt","3"
"gone","3"
"Weve","3"
"Understanding","3"
"#Hack","3"
"bit","3"
"#FSB","3"
"QueJayma","3"
"Aint","3"
"Twitter","3"
"influence","3"
"#Resist","3"
"zerohedge","3"
"ThePatriot","3"
"does","3"
"UPDATEDVINDICATI","3"
"#tcot","3"
"video","3"
"nocuruption","3"
"focused","3"
"honor","3"
"#hackers","3"
"scandal","3"
"manipulate","3"
"Nice","3"
"gvyshnya","3"
"#Schi","3"
"sir","3"
"destroying","3"
"profile","3"
"NotDoneWinning","3"
"#FakeNews","3"
"#VoteHacking","3"
"horrifying","3"
"TRUTH","3"
"BreitbartNews","3"
"MSNBC","3"
"JrcheneyJohn","3"
"interfered","3"
"iswas","3"
"Donald","3"
"#russiatrump","3"
"Keep","3"
"Relationship","3"
"MrJamesLandis","3"
"#putin","3"
"ninaandtito","3"
"Hey","3"
"Get","3"
"killed","3"
"puppymnkey","3"
"TanyasTwit","3"
"add","3"
"lost","3"
"RVAwonk","3"
"ALAW","3"
"yrs","3"
"mailed","3"
"kinda","3"
"Scandal","3"
"blogs","3"
"#msnbc","3"
"#SenateIntelCmte","2"
"#MikePence","2"
"#CyberSecurity","2"
"under","2"
"#WikiLies","2"
"conjecture","2"
"#theResistance","2"
"#fbi","2"
"#russiahacking","2"
"JayWoodVegas","2"
"votes","2"
"#Modi","2"
"Shes","2"
"mkardos","2"
"highly","2"
"#NATO","2"
"total","2"
"#RussiaHearing","2"
"opponents","2"
"WDFxEU","2"
"blocking","2"
"#RussiaBlast","2"
"cant","2"
"CNNPolitics","2"
"#cia","2"
"madseccostumes","2"
"end","2"
"#fakenewsday","2"
"provide","2"
"JuliaBriese","2"
"Treeoflife","2"
"#SchiffRecuse","2"
"#Russianhack","2"
"HTown","2"
"down#russianhacking","2"
"operations","2"
"SAD","2"
"break","2"
"FSBKaspersky","2"
"#Preposterous","2"
"side","2"
"lifted","2"
"mmcville","2"
"series","2"
"flock","2"
"EricBoehlert","2"
"rd","2"
"Justify","2"
"PROV","2"
"ist","2"
"JordanUhl","2"
"primary","2"
"WGBurton","2"
"merrier","2"
"top","2"
"GovMikeHuckabee","2"
"listen","2"
"instapaper","2"
"See","2"
"seem","2"
"#PIZZAGATE","2"
"Crow","2"
"Confirms","2"
"#GreedyOnePercent","2"
"#ReVote","2"
"#TraitorMcConnell","2"
"covering","2"
"nicely","2"
"#UniteBlue","2"
"#Hannity","2"
"Heres","2"
"#LIBTARDCONSPIRACYTHEORIES","2"
"future","2"
"#Trumpeachment","2"
"received","2"
"unicorns","2"
"#corrupt","2"
"avanconiahttpstcoDsTiovDj","2"
"condemned","2"
"#CIAleaks","2"
"dots","2"
"Elections","2"
"Rachael","2"
"Conway","2"
"starts","2"
"launched","2"
"Rubio","2"
"ScottsHumor","2"
"Oil","2"
"conspiracies","2"
"Vo","2"
"#StopPresidentBannon","2"
"#infosec","2"
"He","2"
"#DripDripDrip","2"
"Think","2"
"dawnstotlar","2"
"stuck","2"
"elcasey","2"
"#hillary","2"
"Fired","2"
"davidbrockdc","2"
"tell","2"
"#russsialeaks","2"
"lumped","2"
"MaryGTempe","2"
"knows","2"
"HOW","2"
"longer","2"
"assume","2"
"flag","2"
"together","2"
"push","2"
"Maddow","2"
"#theChargeIsTreason","2"
"Exactly","2"
"#Russianbots","2"
"Peep","2"
"#hacking","2"
"keeping","2"
"posts","2"
"says","2"
"appear","2"
"#ThingsAnnoyingCoworkersDo","2"
"goes","2"
"True","2"
"Ms","2"
"boy","2"
"TroyRentals","2"
"ORIG","2"
"#treasonare","2"
"memory","2"
"today","2"
"loving","2"
"#HABITUALLIERS","2"
"NolteNC","2"
"Agree","2"
"NickDeSenso","2"
"Federal","2"
"#susanrice","2"
"Missing","2"
"Who","2"
"condemn","2"
"informs","2"
"remember","2"
"#SVB","2"
"#hacker","2"
"States","2"
"JUSTIFY","2"
"#TraitorDon","2"
"She","2"
"discuss","2"
"neutrality","2"
"danibizz","2"
"backpeddle","2"
"Cover","2"
"first","2"
"There","2"
"vote","2"
"millions","2"
"McFaul","2"
"Patrick","2"
"Everyone","2"
"than","2"
"History","2"
"therealcornett","2"
"venture","2"
"Meddling","2"
"take","2"
"wanting","2"
"sure","2"
"paid","2"
"#RussiaHacking","2"
"#PizzaGate","2"
"BoatmanAbby","2"
"PEOPLE","2"
"wingers","2"
"#whowasjohnmcmahon","2"
"ignores","2"
"wonder","2"
"elected#actionsspeaklouder","2"
"FlynnFSBKaspersky","2"
"kook","2"
"infrastructure","2"
"blame","2"
"come","2"
"ConcernedHigh","2"
"s","2"
"comes","2"
"Were","2"
"realmattcloud","2"
"jojokejohn","2"
"prezthentonow","2"
"cares","2"
"Quicksilver","2"
"wake","2"
"former","2"
"#followthefacts","2"
"#trumprussia#russiagate#russianhacking","2"
"beauc","2"
"DID","2"
"admit","2"
"speech","2"
"putin","2"
"IL","2"
"very","2"
"United","2"
"avanconiahttpstcoHGcGLyTnu","2"
"#TRUMPSHAIR","2"
"extensive","2"
"riker","2"
"TGowdySC","2"
"Bravo","2"
"Doesnt","2"
"t","2"
"RECOUNT","2"
"unraveling","2"
"#Israel","2"
"power","2"
"disinformation","2"
"seanspicer","2"
"KellyannePolls","2"
"brhodes","2"
"smear","2"
"httpstcoHcpFGVFuB","2"
"#WorldAutismAwarenessDay","2"
"there","2"
"J","2"
"#shitthatkeepsmeawakeatnight","2"
"sophisticated","2"
"#spyGate","2"
"trying","2"
"#SheWon","2"
"smokescreen","2"
"dgibby","2"
"again","2"
"fwdcrocblu","2"
"#dem","2"
"THERE","2"
"CNN","2"
"doubted","2"
"#USpoli","2"
"EMahmoudSoliman","2"
"#auspolThe","2"
"those","2"
"ti","2"
"far","2"
"wavers","2"
"surprise","2"
"PalmerReport","2"
"Morpheousone","2"
"BLAH","2"
"these","2"
"#RussianHackingThe","2"
"#AwanBrothers","2"
"Reichstag","2"
"Rexzero","2"
"contd","2"
"httpstcodwZFXsc","2"
"arent","2"
"Aug","2"
"takes","2"
"#DonaldTrump","2"
"#SundayFunday","2"
"Assange","2"
"MonsterMarcia","2"
"#Soros","2"
"#Trumputin","2"
"pushed","2"
"Fridayth","2"
"ALERT","2"
"isnt","2"
"hell","2"
"Stein","2"
"#breaking","2"
"fool","2"
"#ElectoralCollege","2"
"GingrichofPA","2"
"refresh","2"
"stopped","2"
"DELETE","2"
"#AlwaysHillary","2"
"JanieOnPolitics","2"
"#BirdsOfAFeather","2"
"connect","2"
"offline","2"
"pathetic","2"
"EC","2"
"#Moscow","2"
"camxx","2"
"TylerBede","2"
"EASILY","2"
"#FakePresident","2"
"avanconiahttpstcoevwDSvPZsh","2"
"i","2"
"#EmailGate","2"
"#RussianHackingHeres","2"
"Power","2"
"#Antifa","2"
"most","2"
"#Chayanov","2"
"coincides","2"
"httpstcoYTZPzcO","2"
"Has","2"
"fine","2"
"RepDevinNunes","2"
"justice","2"
"ELECTED","2"
"luisapersnik","2"
"#guccifer","2"
"AUDITs","2"
"DropTheMic","2"
"intelligence","2"
"#RussiaRussiaRussia","2"
"#Christianity","2"
"Violations","2"
"targeted","2"
"#MerrickGarland","2"
"relying","2"
"c","2"
"MrEdTrain","2"
"whole","2"
"Certainly","2"
"Royals","2"
"ramzpaul","2"
"po","2"
"#NunesMustResign","2"
"Old","2"
"Dont","2"
"Cerovich","2"
"#FatherMikePence","2"
"PREZ","2"
"theres","2"
"RNCUSSR","2"
"hoax","2"
"shirt","2"
"Manafort","2"
"ericsean","2"
"About","2"
"used","2"
"Gov","2"
"HackhttpstcoRSMGmltcT","2"
"Agent","2"
"southerntalker","2"
"Internet","2"
"Intelligence","2"
"#WIKILEAKS","2"
"On","2"
"vendor","2"
"emergency","2"
"Did","2"
"#susanricegate","2"
"Fine","2"
"iwantnewpres","2"
"KNOW","2"
"#election","2"
"Fire","2"
"Look","2"
"refuses","2"
"TrumpGolfDC","2"
"thinkBegan","2"
"NEW","2"
"#RussianInterference","2"
"#brexit","2"
"#FISA","2"
"TRUMPS","2"
"GeorgiaDirtRoad","2"
"called","2"
"To","2"
"BS#russianhacking","2"
"#YOUWISH","2"
"suppression","2"
"#PurchasedParty","2"
"AZ","2"
"ago","2"
"leprechauns","2"
"THREADThe","2"
"#irancontra","2"
"#Flynn","2"
"Jim","2"
"#putinspuppet","2"
"Least","2"
"breached","2"
"Pathetic","2"
"GOOseefur","2"
"#russian","2"
"SenateDems","2"
"gender","2"
"OpinionOnion","2"
"#day","2"
"#nsa","2"
"English","2"
"Clapper","2"
"popcorn","2"
"#Pompeo","2"
"win","2"
"fed","2"
"undiverted","2"
"sanctions","2"
"#unpotus","2"
"YK","2"
"#Immunity","2"
"instead","2"
"comedy","2"
"watch","2"
"#TAXES","2"
"#ThursdayThoughts","2"
"One","2"
"Ya","2"
"Wordsmiter","2"
"report","2"
"WITH","2"
"him","2"
"truthpray","2"
"KeithOlbermann","2"
"doing","2"
"Mercers","2"
"defend","2"
"socalled","2"
"#RussianCollusion","2"
"TENGOP","2"
"selectedwisdom","2"
"Pause","2"
"jeffgoldesq","2"
"Sobczaksusan","2"
"dropboxonly","2"
"TravisRuger","2"
"#globalwarming","2"
"allanimallan","2"
"#unpresidented","2"
"bet","2"
"#Thankful","2"
"linked","2"
"which","2"
"fairiesJackPosobiec","2"
"knowledge","2"
"#Benghazi","2"
"Exposed","2"
"MikePenceVP","2"
"spamming","2"
"YeoEuiJu","2"
"officials","2"
"RT","2"
"embarrassment","2"
"#minutes","2"
"safely","2"
"advisingtrump","2"
"Lol","2"
"#MadamPOTUS","2"
"nullify","2"
"bull","2"
"GUCCIfur","2"
"hahaha","2"
"ChrisChristie","2"
"AmbassadorRice","2"
"demanded","2"
"unite","2"
"#PEDOGATE","2"
"FlynnRussian","2"
"largest","2"
"party","2"
"httpstc","2"
"off","2"
"ARE","2"
"Can","2"
"realize","2"
"UTHornsRawk","2"
"Golfed","2"
"twitter","2"
"#Putin","2"
"interfering","2"
"#Putinspuppet","2"
"shouldve","2"
"#Assange","2"
"#China","2"
"irisbreeze","2"
"RickyVaughnX","2"
"MSM","2"
"kylegriffin","2"
"Vindictr","2"
"#ActiveMeasures","2"
"#truth","1"
"#trumpcare","1"
"PROUD","1"
"thehill","1"
"Does","1"
"#influencecampaign","1"
"coverageTotally","1"
"birdshit","1"
"sodems","1"
"risk","1"
"#Tr","1"
"Trumpkins","1"
"bringing","1"
"school","1"
"snowflakes","1"
"Classic","1"
"debunked","1"
"MarkSZaidEsq","1"
"brexit","1"
"JayPPorter","1"
"avanconiahttpstcoxgPRgtF","1"
"Wrong","1"
"conduct","1"
"IRStaxpros","1"
"sheepandstars","1"
"met","1"
"path","1"
"kids","1"
"credib","1"
"kaabacir","1"
"Mengele","1"
"credit","1"
"smoke","1"
"browsing","1"
"NOR","1"
"FUCK","1"
"hacking#russiagate","1"
"torontostar","1"
"posting","1"
"countriesoh","1"
"tying","1"
"hold","1"
"g","1"
"work","1"
"fakin","1"
"bullschifflol","1"
"im","1"
"Le","1"
"Irony","1"
"Digital","1"
"#POTUSTrump","1"
"Liz","1"
"country","1"
"Guess","1"
"Jack","1"
"moron","1"
"disgrace","1"
"smoeone","1"
"reaction","1"
"#ThisWeek","1"
"Will","1"
"txmockingjay","1"
"attempt","1"
"avanconiahttpstcorDSuhsdv","1"
"greed","1"
"Cyrillic","1"
"consent","1"
"Surveillance","1"
"#ElectionHacking","1"
"better","1"
"imp","1"
"#TrumpTaxReturns","1"
"theonlyAvenger","1"
"illegitimately","1"
"theo","1"
"gchq","1"
"Bobby","1"
"fixation","1"
"iN","1"
"Ignoring","1"
"Noam","1"
"LizWheeler","1"
"Vodka","1"
"Endoracrat","1"
"confronting","1"
"Schiffgood","1"
"incontrovertable","1"
"sayhttpstconjaSKCop","1"
"americans","1"
"#SessionsMustResign","1"
"bone","1"
"Wow","1"
"Investigation","1"
"forgot","1"
"CIAFBI","1"
"#PutenTrump","1"
"#doublestandards","1"
"aktuellen","1"
"MacBethSpeaks","1"
"adamhousley","1"
"KingAbdullahII","1"
"standard","1"
"ReportUK","1"
"Lasso","1"
"Duh","1"
"MyPrezTweets","1"
"Outrage","1"
"Congress","1"
"neck","1"
"Kaspersky","1"
"needed","1"
"#CORRUPTION","1"
"satnav","1"
"TravisBurton","1"
"ccrezee","1"
"#theRESISTANCE","1"
"Sec","1"
"talking","1"
"stalls","1"
"Correct","1"
"Each","1"
"#Followthemoney","1"
"fitting","1"
"exactly","1"
"Watergate","1"
"Whats","1"
"definitely","1"
"inhttpstcoLunEqkY","1"
"bfraser","1"
"ending","1"
"#Bromance","1"
"Tapped","1"
"TheRockNRebel","1"
"Big","1"
"shaneharrisnow","1"
"Racketeering","1"
"#Muslims","1"
"ImpeachDTrump","1"
"coast","1"
"thedirte","1"
"Pound","1"
"esotericed","1"
"altogether","1"
"storySusan","1"
"Over","1"
"#russ","1"
"emj","1"
"ChuckGrassley","1"
"#schiff","1"
"ghoul","1"
"polandmary","1"
"#Page","1"
"Pen","1"
"result","1"
"#equador","1"
"corrupt","1"
"hero","1"
"GOING","1"
"John","1"
"best","1"
"said","1"
"Somebody","1"
"pressured","1"
"BUT","1"
"RepRooney","1"
"#unplanned","1"
"TrumpBetween","1"
"preserve","1"
"warrior","1"
"deflecting","1"
"confusion","1"
"#NunesRecusal","1"
"Fake","1"
"shadowdeep","1"
"#putinpuppet","1"
"und","1"
"MuricaMonkey","1"
"acceptable","1"
"Willing","1"
"#GOP","1"
"forgetDont","1"
"targeting","1"
"JSON","1"
"threw","1"
"JustSchmeltzer","1"
"Sites","1"
"tapping","1"
"#Pyongyang","1"
"Claims","1"
"hhproductions","1"
"n","1"
"Hook","1"
"DavidShuster","1"
"#Resistance","1"
"faux","1"
"safeagain","1"
"Joining","1"
"confirmed","1"
"AverageDave","1"
"Stop","1"
"greenlighting","1"
"#europe","1"
"Room","1"
"#Gamergate#ActiveMeasures","1"
"Maybe","1"
"jetzt","1"
"hand","1"
"kid","1"
"shortly","1"
"WVOA","1"
"Proofs","1"
"corporate","1"
"De","1"
"everNeverTrump","1"
"thanks","1"
"#UnFit#Trump#russianhacking","1"
"facts","1"
"yet","1"
"secure","1"
"candidate","1"
"HayesBrown","1"
"dcagle","1"
"possible","1"
"GlennThrush","1"
"indicative","1"
"destroy","1"
"judge","1"
"Nerds","1"
"Michell","1"
"Are","1"
"security","1"
"#ComeyHearing","1"
"old","1"
"deal","1"
"divertBob","1"
"enemies","1"
"denies","1"
"#popularvoteloser","1"
"everything","1"
"denied","1"
"cnn","1"
"INTO","1"
"fightSOPUS","1"
"kristylove","1"
"Dept","1"
"nocalray","1"
"NewYorker","1"
"GiannoCaldwell","1"
"GreatDismal","1"
"guilty","1"
"lemmings","1"
"Again","1"
"pays","1"
"two","1"
"operative#russianhacking","1"
"chucktodd","1"
"cleared","1"
"support","1"
"Assang","1"
"avanconiahttpstcobhtZXgeOJV","1"
"WAYS","1"
"wolfblitzer","1"
"Governments","1"
"#russiabombing","1"
"#KeepFighting","1"
"request","1"
"cjsienna","1"
"#nunesmustresign","1"
"Zeitpunkt","1"
"CNNnewsroom","1"
"actor","1"
"reality","1"
"#killary","1"
"holding","1"
"digital","1"
"mcspocky","1"
"roll","1"
"undacuvabrutha","1"
"TrumpWillWinnn","1"
"handicap","1"
"WeLL","1"
"fell","1"
"professional","1"
"died","1"
"DieLaughing","1"
"laurabrevitz","1"
"#MI","1"
"Mucho","1"
"BrockMathias","1"
"AJentleson","1"
"Elephant","1"
"disgusting","1"
"glad","1"
"adviser","1"
"#ManchurianCandidate","1"
"ifonlyifthen","1"
"blast","1"
"die","1"
"Kontext","1"
"standards","1"
"WILL","1"
"#ErikPrince","1"
"team","1"
"dis","1"
"huseyinbozan","1"
"Rex","1"
"#russiancollusion","1"
"Boy","1"
"vielleicht","1"
"#Ambassador","1"
"eating","1"
"Rice","1"
"heres","1"
"Sweety","1"
"#TrumpCrimeFamily","1"
"guardian","1"
"mirrorsdiversionary","1"
"MarkWarner","1"
"appears","1"
"change","1"
"Saul","1"
"discount","1"
"bot","1"
"MY","1"
"DOJ","1"
"#CabinetNoir","1"
"sahilkapur","1"
"forefront","1"
"posed","1"
"#spygame","1"
"POWAH","1"
"https","1"
"aclu","1"
"AMERICA","1"
"Bee","1"
"#StPetersburg","1"
"#JesusSaves","1"
"avoiding","1"
"Voters","1"
"DTFA","1"
"#bigleague","1"
"#Revote","1"
"heard","1"
"#RUSSIARUSSIARUSSIA#Impeachthefool","1"
"YOUR","1"
"WandaKothlow","1"
"BrookeBCNN","1"
"httpstconjaSKCop","1"
"#showusyourtaxes","1"
"Laughable","1"
"dadio","1"
"meddled","1"
"sp","1"
"#dumptrump","1"
"Azwinkles","1"
"NSAGov","1"
"indeed","1"
"aiding","1"
"#cbsthisMorning","1"
"omitting","1"
"clinton","1"
"still","1"
"Agencies","1"
"Neither","1"
"jessiemgio","1"
"RepTedLieu","1"
"introduce","1"
"nor","1"
"PAID","1"
"name","1"
"RepComstock","1"
"#RESISTANCE","1"
"HouseIntelComm","1"
"unloaded","1"
"em","1"
"en","1"
"EvaCuenza","1"
"Live","1"
"RTs","1"
"hacker","1"
"#PenceIsEvil","1"
"#IndependentInvestigation","1"
"TraitorInChief#bbcnews","1"
"Joe","1"
"shows","1"
"theandrewkase","1"
"theory","1"
"ACLUofWisconsin","1"
"demanding","1"
"CherylP","1"
"Julian","1"
"Virgini","1"
"#DumpTrump","1"
"Start","1"
"Black","1"
"directly","1"
"invasion","1"
"SET","1"
"#RUSSIANHACKING","1"
"caught","1"
"anyone","1"
"#Fakenews","1"
"eyes","1"
"kristinawong","1"
"released","1"
"EuphoricEuler","1"
"cracks","1"
"DO","1"
"illness","1"
"Court","1"
"conspiracy","1"
"Inquiry","1"
"any","1"
"SOMEONE","1"
"offering","1"
"Trumahawk","1"
"#Ukraine#Manafort","1"
"IvankaTrump","1"
"Good","1"
"proud","1"
"brobert","1"
"WE","1"
"shot","1"
"allegations","1"
"untold","1"
"#gorsuch","1"
"#presidentPutin","1"
"NaomiSeu","1"
"#mustread","1"
"regarding","1"
"reading","1"
"morning","1"
"stupid","1"
"Awesome","1"
"vision","1"
"#RussianAssad","1"
"Soon","1"
"connections","1"
"refresher","1"
"That","1"
"Pray","1"
"#votingirregularites","1"
"behind","1"
"Tjhumphrey","1"
"between","1"
"Told","1"
"Bobs","1"
"Chomsky","1"
"article","1"
"Havent","1"
"#GrizzlySteppe","1"
"mans","1"
"forecasting","1"
"#diagnoseTrump","1"
"#russianprobe","1"
"Here","1"
"#Investigate","1"
"epistemology","1"
"#siberiancandidate","1"
"billmcgirth","1"
"wires","1"
"EvanMcMullin","1"
"BORSCHT","1"
"WAS","1"
"JohnGab","1"
"polls","1"
"slippery","1"
"Mercer","1"
"#NOT","1"
"jennycohn","1"
"trip","1"
"IDIOT","1"
"#TREASON","1"
"OmarAslamLugo","1"
"director","1"
"IM","1"
"IN","1"
"weave","1"
"complained","1"
"avanconiaUPDATEDVINDICATION#RussianHacking","1"
"accountable","1"
"without","1"
"kojman","1"
"Id","1"
"summer","1"
"sayiNBuT","1"
"money","1"
"FSB","1"
"kill","1"
"#ProtectOurDemocracy","1"
"#Hacked","1"
"speed","1"
"GTYLER","1"
"#RussianAgent","1"
"except","1"
"Bannon","1"
"#WikiLeaks","1"
"ChelseaClinton","1"
"HARD","1"
"traffic","1"
"world","1"
"facing","1"
"tower","1"
"Agreed","1"
"making","1"
"exposes","1"
"heheheheh","1"
"intact","1"
"#comey","1"
"lotta","1"
"confirm","1"
"sarelizt","1"
"KeepAlive","1"
"Snowden","1"
"nails","1"
"leadership","1"
"Knows","1"
"ok","1"
"oh","1"
"capable","1"
"discussed","1"
"Check","1"
"Message","1"
"road","1"
"GlomarResponder","1"
"youd","1"
"LauraOutThere","1"
"clams","1"
"posters","1"
"lol","1"
"decode","1"
"lot","1"
"exonerates","1"
"WalshKyron","1"
"enough","1"
"deepwatermike","1"
"caotk","1"
"happening","1"
"rage","1"
"#SyriaStrikes","1"
"Blow","1"
"toilet","1"
"JCTrey","1"
"politico","1"
"ar","1"
"file","1"
"#RealDonaldTrump","1"
"Judas","1"
"Real","1"
"idiot","1"
"WHEN","1"
"jaketapper","1"
"students","1"
"Country","1"
"etwas","1"
"START","1"
"kbari","1"
"coverage","1"
"IRSnews","1"
"StuartBirdman","1"
"calls","1"
"wife","1"
"#treason","1"
"mash","1"
"Emolclause","1"
"treason","1"
"chinese","1"
"fuego","1"
"Parents","1"
"#nugsforcarter","1"
"#nikita","1"
"hed","1"
"Killed","1"
"schiff","1"
"FOLLOW","1"
"#dirtyRice","1"
"HeysannaHosanna","1"
"justicedems","1"
"smile","1"
"Habe","1"
"enjoying","1"
"uptick","1"
"worse","1"
"hitting","1"
"Hello","1"
"heaven","1"
"liars","1"
"GREAT","1"
"StefanMolyneux","1"
"dnc","1"
"#TrumpScandal","1"
"Korea","1"
"BREAKING","1"
"HUH","1"
"maybes","1"
"abt","1"
"#uniteforeurope","1"
"full","1"
"realJeffreyLord","1"
"Pecafan","1"
"ViL","1"
"Alright","1"
"#FiringSquad","1"
"#GOPcrimes","1"
"social","1"
"action","1"
"#trumprussiacollussion","1"
"Mudfish","1"
"put","1"
"stupidchildish","1"
"#Hacking","1"
"promoting","1"
"Nixon","1"
"horses","1"
"broke","1"
"PeskyVarmt","1"
"none","1"
"#Emoluments","1"
"diGenova","1"
"recall","1"
"learn","1"
"#link","1"
"Your","1"
"hid","1"
"court","1"
"VETRANS","1"
"stayed","1"
"Television","1"
"shouldnt","1"
"tried","1"
"tries","1"
"DerPostillon","1"
"YUGE","1"
"Syria","1"
"#ThankYou","1"
"TrueFactsStated","1"
"GOP#trumprussia","1"
"ChildofLight","1"
"carterjwm","1"
"Putins","1"
"judymg","1"
"soon","1"
"through","1"
"committee","1"
"dcfodder","1"
"Confederacy","1"
"Beergood","1"
"Full","1"
"pcr","1"
"#Haley","1"
"Surgeon","1"
"Brussels","1"
"Bar","1"
"yo","1"
"Ambassador","1"
"YOURSELF","1"
"RSton","1"
"Crisprtek","1"
"vomit","1"
"bigger","1"
"#Crosscheck","1"
"Thanks","1"
"mental","1"
"peeps","1"
"hard","1"
"idea","1"
"JohnWat","1"
"ISNT","1"
"Joseph","1"
"Medium","1"
"research","1"
"issue","1"
"Ukraine","1"
"None","1"
"reporting","1"
"keyoungpark","1"
"speculation","1"
"People","1"
"TBS","1"
"httpstcowCULpZMr","1"
"Es","1"
"feet","1"
"katrinamauro","1"
"tot","1"
"slower","1"
"Corruption","1"
"FMRex","1"
"player","1"
"wtreason","1"
"statement","1"
"#fakepotus","1"
"#Instagram","1"
"voterfraud","1"
"part","1"
"scheme","1"
"double","1"
"iNEWSEN","1"
"ISPs","1"
"God","1"
"#wiretapgate","1"
"Dozens","1"
"#KGBRex","1"
"BarackObama","1"
"sell","1"
"REACH","1"
"lik","1"
"swallowing","1"
"Alpha","1"
"With","1"
"VERY","1"
"#Propaganda","1"
"clean","1"
"charged","1"
"lying","1"
"dodging","1"
"DRUDGEREPORT","1"
"Tillerson","1"
"RegMackworthy","1"
"cell","1"
"Frontal","1"
"assertion","1"
"GemsfromMaine","1"
"weve","1"
"invoki","1"
"kind","1"
"famous","1"
"theft","1"
"#ImpeachPotus","1"
"allDEMOCRAT","1"
"#investigatetrump","1"
"For","1"
"France","1"
"dumb","1"
"#obamagate","1"
"close","1"
"Pls","1"
"PAINFULTRUTHDAY","1"
"ROBINEVANS","1"
"birds","1"
"#hypocrisy","1"
"THINK","1"
"HawaiiShira","1"
"Theyre","1"
"Dang","1"
"Makes","1"
"#houseofcards","1"
"#ImpeachThisFool","1"
"breakin","1"
"distracted","1"
"let","1"
"dysfunctional","1"
"telegraphing","1"
"simple","1"
"crippled","1"
"TVietor","1"
"agents","1"
"throughout","1"
"#oreillyfactor","1"
"IDEA","1"
"#Marine","1"
"create","1"
"political","1"
"secret","1"
"pa","1"
"HouseDemocrats","1"
"meeting","1"
"pl","1"
"AssangeFreedom","1"
"fire","1"
"forditude","1"
"Donny","1"
"else","1"
"#benbradshawmp","1"
"lives","1"
"SenBillNelson","1"
"FINDING","1"
"loon","1"
"stolen","1"
"solid","1"
"straight","1"
"JackPosobiec","1"
"abou","1"
"behavior","1"
"maggieNYT","1"
"MsScs","1"
"#TraitorInChief","1"
"johnhnorris","1"
"EricSteeleLive","1"
"Got","1"
"ready","1"
"#POTUS","1"
"tweenparenting","1"
"SkyflowerGalaxy","1"
"keys","1"
"yesterday","1"
"GirlNamedBoston","1"
"moment","1"
"jeffsessions","1"
"StevenKBannon","1"
"Charged","1"
"#russiantrolls","1"
"kno","1"
"anybody","1"
"analysis","1"
"truthout","1"
"MartinSchulz","1"
"USSenate","1"
"JuST","1"
"vigilant","1"
"Samantha","1"
"#russianhacks","1"
"crying","1"
"surprised","1"
"ShoreProgress","1"
"britches","1"
"demands","1"
"aclupa","1"
"Definitely","1"
"Truth","1"
"Or","1"
"#votersuppression","1"
"follows","1"
"signal","1"
"Robyn","1"
"continue","1"
"ABOUT","1"
"urgent","1"
"ourselves","1"
"LeFigaro","1"
"affects","1"
"per","1"
"SHAME","1"
"bogus","1"
"run","1"
"#putinleaks","1"
"use","1"
"O","1"
"RonBrownstein","1"
"bs","1"
"crap","1"
"anything","1"
"#theRESISTance","1"
"mouth","1"
"#ImpeachDonaldTrump","1"
"#fascist","1"
"#Cambridge","1"
"jgionova","1"
"#maddow","1"
"question","1"
"#JaredKuchner","1"
"forward","1"
"petejohn","1"
"Hows","1"
"Bots","1"
"link","1"
"Inwhich","1"
"Resolution","1"
"info","1"
"DOWN","1"
"rodadams","1"
"DMRDynamics","1"
"#TraitorTrump","1"
"TaePhoenix","1"
"#LIBTARD","1"
"Ti","1"
"Murder","1"
"forgive#TrumpRussia","1"
"points","1"
"Wasted","1"
"AG","1"
"#alqaeda","1"
"AM","1"
"occurred","1"
"relaunch","1"
"e","1"
"#russianhackingJan","1"
"JesusDisciple","1"
"progressivehonest","1"
"At","1"
"requires","1"
"Sothe","1"
"DiazCartoons","1"
"BernieBLAH","1"
"WLD","1"
"CPU","1"
"issues","1"
"#Virus","1"
"jwskss","1"
"send","1"
"HeatherMoAndCo","1"
"helps","1"
"loyaltyisevthg","1"
"SOMETHING","1"
"thedarknesses","1"
"PaulaChertok","1"
"putting","1"
"wTreason","1"
"WAR","1"
"entire","1"
"FFS","1"
"ryan","1"
"threat","1"
"car","1"
"#impeachTrumpnow","1"
"CarloThePirate","1"
"Overthrowing","1"
"HotNostrilsrFun","1"
"zu","1"
"click","1"
"WHAT","1"
"#Breitbart","1"
"paying","1"
"#Superman","1"
"impact","1"
"Reince","1"
"separation","1"
"sind","1"
"resulting","1"
"thats","1"
"named","1"
"Robert","1"
"#FamilyofThieves","1"
"#notmypresident","1"
"FB","1"
"mtgs","1"
"Explains","1"
"FM","1"
"che","1"
"illegal","1"
"Papa","1"
"amandawillsdad","1"
"next","1"
"means","1"
"profitssanctions","1"
"journalists","1"
"becomes","1"
"#article","1"
"tearing","1"
"appointed","1"
"women","1"
"mcuban","1"
"Footage","1"
"benefitting","1"
"#Chechnya","1"
"meet","1"
"distractions","1"
"links","1"
"spying","1"
"#Security","1"
"Dunces","1"
"#ImStillWithHer","1"
"reve","1"
"Russiaimpeach","1"
"establishment","1"
"stand","1"
"RandPaul","1"
"grandstand","1"
"tied","1"
"OccupyUpdate","1"
"rations","1"
"realized","1"
"Yo","1"
"#TrumpRussiaCollision","1"
"patisan","1"
"#TurnItOff","1"
"move","1"
"Retweeted","1"
"NewtTrump","1"
"including","1"
"operative","1"
"DonaldTrump","1"
"outet","1"
"lw","1"
"avanconiahttpstcowOEpeXoyEp","1"
"covered","1"
"hacks","1"
"docs","1"
"mention","1"
"alreadyget","1"
"mitigated","1"
"Supreme","1"
"accounts","1"
"theyd","1"
"#DNCleak","1"
"nytgraphics","1"
"idiotic","1"
"Very","1"
"hilarious","1"
"red","1"
"achievements","1"
"cre","1"
"payroll","1"
"completely","1"
"DebFreedomVoice","1"
"Narrative","1"
"business","1"
"MelMel","1"
"scary","1"
"PeggyLHorton","1"
"ACLUofMichigan","1"
"presid","1"
"stone","1"
"hussein","1"
"blown","1"
"#putinkiller","1"
"Repent","1"
"#TrumpandthePress","1"
"such","1"
"#coward","1"
"zpatz","1"
"North","1"
"system","1"
"Tied","1"
"#cybercrime","1"
"TheFrackingGuy","1"
"MarkopoloXYZ","1"
"ungnstiger","1"
"DittosBlog","1"
"iptuttle","1"
"Probe","1"
"afraid","1"
"SecretaryRoss","1"
"winner#StolenElection","1"
"mongrel","1"
"DISGRACE","1"
"SillsChar","1"
"MarcusCurtis","1"
"TRIED","1"
"schuld","1"
"absurd","1"
"#AmericaFirst","1"
"bring","1"
"#CNN","1"
"based","1"
"#TraitorInChief#bbcnews","1"
"earned","1"
"Hollywoodalaska","1"
"employee","1"
"tude","1"
"watching","1"
"Wendys","1"
"ones","1"
"#bannonspuppet","1"
"endless","1"
"Nikita","1"
"she","1"
"#CIAsucks","1"
"frame","1"
"cold","1"
"closer","1"
"wire","1"
"avanconiahttpstcoRCmfOkzege","1"
"Tunnel","1"
"state","1"
"key","1"
"Entirely","1"
"#RussianhackingIf","1"
"resigned","1"
"DonaldJTrump#bbcnews","1"
"senmarcorubio","1"
"passing","1"
"otherwise","1"
"#MikeFlynn","1"
"#Putinpuppet","1"
"winning","1"
"nomination","1"
"Extra","1"
"freak","1"
"Gen","1"
"sufficient","1"
"tweets","1"
"tHe","1"
"ABCSharkTank","1"
"unlike","1"
"decades","1"
"General","1"
"#Republican","1"
"Know","1"
"#russianlies","1"
"SHAMELESS","1"
"vi","1"
"thus","1"
"chrisgeidner","1"
"SWBlanc","1"
"#HillaryClinton","1"
"#lyinghillary","1"
"Cristiano","1"
"#US","1"
"began","1"
"administration","1"
"ball","1"
"drink","1"
"upon","1"
"#job","1"
"MAGAWrecknBall","1"
"TeLL","1"
"Sessions","1"
"thought","1"
"#Russiangate","1"
"bending","1"
"less","1"
"#GA","1"
"Chairman","1"
"BS","1"
"paul","1"
"#DonTheCon","1"
"Sabotage","1"
"Flynn","1"
"#Hackers","1"
"DistractionTeaPainUSA","1"
"AztlanConnect","1"
"SenateMajLdr","1"
"kick","1"
"haleycalculus","1"
"government","1"
"KazmierskiR","1"
"CNNSitRoom","1"
"#TrumpFamilyCons","1"
"ein","1"
"NinaDontPlayMtG","1"
"journalism","1"
"#RussiaHack","1"
"sissy","1"
"penceRyanpence","1"
"become","1"
"traitors","1"
"socialists","1"
"shes","1"
"Tweets","1"
"#Focus","1"
"EFnetPhiloNews","1"
"#kremklinklan","1"
"Solutioneer","1"
"demonstrates","1"
"Say","1"
"War","1"
"kleiner","1"
"Seditio","1"
"Bull","1"
"LeeCamp","1"
"bei","1"
"USStratcom","1"
"stay","1"
"getting","1"
"Replace","1"
"UK","1"
"#russiaprobe","1"
"introduced","1"
"Really","1"
"AiNT","1"
"own","1"
"keeps","1"
"#BlackWaterDiplomacy","1"
"#cyber","1"
"#cyberwarfare","1"
"couldnt","1"
"edgeoforever","1"
"nuke","1"
"hehe","1"
"Hummm","1"
"#voterfraud","1"
"brand","1"
"httpstcoSfGaNabj","1"
"hi","1"
"count","1"
"#thetruth","1"
"tactics","1"
"whether","1"
"wish","1"
"distract","1"
"#RussianHac","1"
"TiTacToe","1"
"williamlegate","1"
"akin","1"
"ActualFlatticus","1"
"websites","1"
"#unwanted","1"
"NEWS","1"
"#Treason#DontheCon","1"
"#TrumpMentalHealth","1"
"compared","1"
"Kushner","1"
"claiming","1"
"lately","1"
"SaraAndreaNeill","1"
"other","1"
"sich","1"
"sick","1"
"#GOPGONEIN","1"
"Story","1"
"#MorningJoe","1"
"footprints","1"
"Schindler","1"
"#READYHILLARYOUS","1"
"Collusion","1"
"chance","1"
"rule","1"
"intentionally","1"
"rigging","1"
"sleeves","1"
